{
  "traffic": {
    "dcrnn": {
      "mae": 0.4870457763242167,
      "rmse": 0.7631199036573255
    },
    "graphwavenet": {
      "mae": 0.47199413090251213,
      "rmse": 0.7704355404820553
    },
    "gman": {
      "mae": 0.37489481946063596,
      "rmse": 0.644716174588647
    },
    "baseline_target": 3.6
  },
  "parking": {
    "malexnet": {
      "accuracy": 0.9665289380824562
    },
    "parknet": {
      "accuracy": 0.9726091021503754
    },
    "baseline_target": 0.985
  }
}